OBJECT_NAME,OBJECT_ID,EPOCH,MEAN_MOTION,ECCENTRICITY,INCLINATION,RA_OF_ASC_NODE,ARG_OF_PERICENTER,MEAN_ANOMALY,NORAD_CAT_ID,REV_AT_EPOCH,BSTAR,MEAN_MOTION_DOT,MEAN_MOTION_DDOT,decay_risk_flag,epoch_age_days,decay_risk_score
STARLINK-34923,2025-179N,2026-07-15 09:19:13.340640,15.18360731,1.86e-06,97.2848,236.7581,233.3361,126.7872,65247,5108,0.0633956,0.01419969,0.0,True,2.160940224189815,190.45128766800502
STARLINK-34925,2025-179Q,2026-07-16 04:04:24.675456,15.0800254,0.00019021,97.2852,237.5399,128.3649,231.7751,65249,5115,0.039608015,0.00650574,0.0,True,1.379559034189815,118.79707831159736
STARLINK-35176,2025-211L,2026-07-16 07:02:25.950624,15.07399951,0.00011899,97.281,238.7207,74.0898,286.0462,65662,4639,0.031708653,0.00509778,0.0,True,1.2559331641898148,95.00220638449541
STARLINK-34947,2025-175L,2026-07-16 07:29:24.342720,15.07185603,0.00022871,97.2849,67.2988,96.7068,263.4421,65184,5199,0.028496198,0.00452308,0.0,True,1.237201774189815,85.32548118864057
STARLINK-35351,2025-211S,2026-07-16 05:03:04.280544,15.07097528,0.00013476,97.2817,238.6819,102.4406,257.6973,65668,4638,0.026880381,0.00428344,0.0,True,1.3388228641898148,80.45823259658539
STARLINK-34962,2025-179P,2026-07-16 06:02:57.628896,15.09829973,0.0002357,97.2844,237.5772,79.8883,280.2612,65248,5117,0.025444497,0.00437118,0.0,True,1.2972331841898148,76.13298761070237
STARLINK-34614,2025-161R,2026-07-16 06:44:13.494336,15.32828926,0.00014987,53.1595,57.1996,91.7428,268.3745,65030,5501,0.023130531,0.00803679,0.0,True,1.2685773341898148,69.16273803691801
STARLINK-3555,2022-022M,2026-07-16 06:40:10.685280,15.10090478,0.00010487,53.1593,151.5892,133.6633,226.4446,51863,24252,0.021814736,0.0037881,0.0,True,1.2713876241898148,65.19923142621691
STARLINK-34927,2025-175Y,2026-07-16 05:14:18.337920,15.0661882,0.00023238,97.2838,67.276,130.1715,229.9717,65196,5198,0.018880135,0.00291251,0.0,True,1.3310212741898149,56.35947260111871
STARLINK-34894,2025-216V,2026-07-16 05:17:14.225856,15.32911073,0.00010065,53.1582,95.7776,80.2379,279.8737,65753,4619,0.016975168,0.00584601,0.0,True,1.328985534189815,50.621231235505185
STARLINK-34966,2025-179Y,2026-07-15 09:01:24.605472,15.06443635,0.00030337,97.2843,236.781,129.1968,230.953,65257,5114,0.015571995,0.00237261,0.0,True,2.1733098441898147,46.39452003698467
STARLINK-35795,2025-254X,2026-07-16 00:20:48.492096,15.31145305,0.00022026,53.1608,354.1604,73.5955,286.5288,66369,3865,0.015259923,0.004974,0.0,True,1.5348389341898148,45.4544804145399
STARLINK-33764,2025-071T,2026-07-16 06:52:44.449248,15.33028306,0.00015334,53.1578,262.9248,78.3516,281.7658,63510,7243,0.014835486,0.00513971,0.0,True,1.2626635041898149,44.175969054239744
STARLINK-35120,2025-211H,2026-07-16 07:19:12.335232,15.06349381,0.00023991,97.2835,238.7076,86.1314,274.0188,65659,4639,0.013540985,0.00204844,0.0,True,1.244285194189815,40.27660534556234
STARLINK-3287,2021-125S,2026-07-16 03:11:16.341792,15.10380079,0.00015011,53.1611,32.2269,65.8681,294.2468,50172,25602,0.010029687,0.00170277,0.0,True,1.4164610441898149,29.699689613900816
STARLINK-3264,2021-125AU,2026-07-16 01:10:47.730720,15.10333947,0.00016918,53.1605,22.6096,90.4318,269.6868,50198,25611,0.010007483,0.00169669,0.0,True,1.5001255241898148,29.632805562217982
STARLINK-3903,2022-049M,2026-07-16 07:20:37.405536,15.10275331,0.00011713,53.1605,201.4571,28.5583,331.5473,52462,23166,0.009619508,0.00162655,0.0,True,1.2433005841898148,28.46412694793023
STARLINK-32572,2024-209P,2026-07-15 20:42:02.299968,15.30827455,0.0003064,53.1594,266.8512,153.7977,206.318,61952,9452,0.0087846,0.00274936,0.0,True,1.686762454189815,25.949173343966663
STARLINK-3864,2022-049T,2026-07-16 06:53:08.696544,15.10098556,0.00016259,53.1624,201.5364,102.4273,257.6901,52468,23166,0.0086052084,0.00144393,0.0,True,1.2623828641898147,25.40880057122908
STARLINK-3668,2022-025AY,2026-07-16 03:10:45.372576,15.10025748,0.00015235,53.1599,162.2715,115.7466,244.3683,52002,24031,0.0083021044,0.0013891,0.0,True,1.4168194841898147,24.495774828062437
STARLINK-3875,2022-049AJ,2026-07-16 06:54:44.668800,15.09999746,0.00010334,53.1591,191.5328,62.0328,298.0769,52483,23304,0.00824385,0.00137814,0.0,True,1.261272074189815,24.320297873443806
STARLINK-3900,2022-049L,2026-07-16 07:26:32.450784,15.0997987,0.00017539,53.1627,191.4373,119.6511,240.4655,52461,23180,0.0080543873,0.00134503,0.0,True,1.2391912641898148,23.749588405835798
STARLINK-3291,2021-125V,2026-07-16 00:17:15.460800,15.09992746,0.00017365,53.1616,32.7845,58.4739,301.6422,50175,25597,0.007998446,0.00133597,0.0,True,1.5373045741898146,23.58107909218039
STARLINK-3881,2022-049X,2026-07-16 06:37:25.282848,15.0998951,0.00010832,53.1615,201.5845,40.1678,319.9393,52472,23166,0.0078870695,0.00131685,0.0,True,1.2733020041898149,23.245584965795388
STARLINK-3883,2022-049AU,2026-07-16 06:27:42.196896,15.10441204,9.742e-05,53.1622,191.6126,43.5732,316.5337,52493,23180,0.0073890988,0.00124777,0.0,True,1.2800506841898147,21.745571543198817
STARLINK-3578,2022-022S,2026-07-16 06:33:47.433888,15.09869545,0.00014072,53.1607,151.6012,83.3215,276.7937,51868,24252,0.0073554959,0.00122222,0.0,True,1.2758234041898149,21.64435112794513
STARLINK-3856,2022-049J,2026-07-16 07:30:43.481664,15.09875255,0.00010822,53.1593,201.4204,54.8818,305.2276,52459,23166,0.0073475285,0.00122107,0.0,True,1.2362858141898148,21.620351308391093
STARLINK-3885,2022-049N,2026-07-16 07:21:25.391232,15.09863698,0.00013149,53.1614,191.4508,112.4976,247.6155,52463,23180,0.0071721255,0.00119096,0.0,True,1.2427451941898147,21.091993205467155
STARLINK-3860,2022-049AC,2026-07-16 05:35:41.758944,15.09780968,0.0001656,53.1594,191.7835,41.6815,318.4303,52477,23303,0.0068971496,0.00114179,0.0,True,1.3161668641898148,20.263696398264294
STARLINK-3532,2022-016P,2026-07-16 06:31:00.490080,15.1348317,0.00014759,53.1604,111.5142,86.4612,273.655,51727,24283,0.006614594,0.00121481,0.0,True,1.277755624189815,19.412567621752284
STARLINK-3918,2022-049AM,2026-07-16 06:06:18.184896,15.09714703,0.00015614,53.1593,201.688,46.8223,313.2899,52486,23166,0.0064719323,0.00106816,0.0,True,1.2949119341898148,18.982834577437742
STARLINK-3913,2022-049AL,2026-07-16 06:44:36.004128,15.09741269,0.00010738,53.1596,191.5692,40.8283,319.2789,52485,23180,0.0063504964,0.00104853,0.0,True,1.268316804189815,18.617038999535076
STARLINK-3583,2022-022AA,2026-07-16 04:16:21.378144,15.09697175,0.00014353,53.1598,152.0323,90.5094,269.6063,51876,24251,0.0063456071,0.00104642,0.0,True,1.371263864189815,18.602311194009367
STARLINK-3323,2022-001B,2026-07-16 06:13:48.788544,15.09832943,0.00012979,53.1587,301.6664,114.0313,246.0815,50804,24995,0.0062874552,0.0010406,0.0,True,1.2896966141898147,18.42714299525893
STARLINK-3892,2022-049AP,2026-07-16 06:01:05.299392,15.09674885,0.00011579,53.1585,201.7064,62.0791,298.0318,52488,23166,0.0061918665,0.00101999,0.0,True,1.298533294189815,18.139205706883214
STARLINK-3839,2022-049AF,2026-07-16 06:22:20.245440,15.09647138,0.00013413,53.1596,201.6387,44.3597,315.7502,52480,23166,0.0060296786,0.00099205,0.0,True,1.2837769741898148,17.650654820289386
STARLINK-3653,2022-025AW,2026-07-16 06:06:28.675584,15.096152,0.00013412,53.1605,161.6026,79.9667,280.1476,52000,24033,0.0056942815,0.00093513,0.0,True,1.2947905141898148,16.640354110026784
STARLINK-3923,2022-049AQ,2026-07-16 06:11:54.142656,15.09574098,0.00015579,53.1594,201.6727,44.0139,316.0977,52489,23166,0.005643917,0.00092566,0.0,True,1.2910235341898146,16.488643525403297
STARLINK-3599,2022-017AY,2026-07-16 06:23:04.699968,15.09731048,0.00016894,53.16,111.6358,67.2994,292.8176,51814,24349,0.0056035848,0.00092297,0.0,True,1.2832624541898148,16.367152760258183
STARLINK-3522,2022-016M,2026-07-16 06:55:21.777600,15.09605064,0.00016584,53.1611,111.5383,86.081,274.0372,51725,24283,0.0052485202,0.00086055,0.0,True,1.2608425741898148,15.297608576456035
STARLINK-3575,2022-022AC,2026-07-16 04:06:01.639584,15.09538478,0.00013065,53.1599,152.0676,87.5395,272.5746,51878,24251,0.0051303523,0.00083932,0.0,True,1.3784367641898148,14.941657039307266
STARLINK-5435,2022-175AR,2026-07-14 11:43:37.719264,15.09546398,8.726e-05,53.1601,194.4712,102.536,257.5729,54797,19906,0.0051032318,0.000835,0.0,True,3.060658064189815,14.859963248834191
STARLINK-3873,2022-049S,2026-07-16 07:15:37.368576,15.09492343,0.00010395,53.159,201.4755,93.9345,266.1765,52467,23166,0.0049763383,0.0008127,0.0,True,1.2467732341898148,14.477728002382426
STARLINK-3274,2021-125AG,2026-07-16 06:59:19.828608,15.30858001,6.658e-05,53.1608,39.0803,76.2472,283.8604,50186,25590,0.0049631746,0.00152776,0.0,True,1.2580873541898148,14.438075615824271
STARLINK-31063,2023-192S,2026-07-16 04:23:59.742240,15.31240259,0.00011047,53.1589,175.5458,58.2348,301.876,58547,14580,0.004349556,0.00135122,0.0,True,1.3659587241898148,12.589701532058063
STARLINK-36274,2026-054V,2026-07-16 05:25:58.370592,15.34276649,0.00017101,53.1597,59.7014,55.6321,304.4843,68251,1867,0.0041673553,0.00142565,0.0,True,1.3229190441898149,12.040867041180404
STARLINK-32166,2024-131C,2026-07-16 05:26:16.564704,15.31211308,0.00022133,53.16,175.7144,155.8037,204.3068,60257,11139,0.004138414,0.00128313,0.0,True,1.3227084641898148,11.953688541587168
STARLINK-3447,2022-016Y,2026-07-16 05:59:37.165344,15.30318338,0.0001251,53.1607,99.2754,99.96,260.1542,51736,24300,0.0039233097,0.00118131,0.0,True,1.2995533641898147,11.305740103540028
STARLINK-3904,2022-049P,2026-07-16 07:26:33.310464,15.09302271,0.00014838,53.1608,201.4467,46.4156,313.6959,52464,23166,0.0037552545,0.00060761,0.0,True,1.2391813141898147,10.799515428600015
STARLINK-5410,2022-175BB,2026-07-16 05:01:46.343424,15.2955881,0.00012416,53.1605,169.663,150.098,210.0092,54807,19956,0.0036592814,0.00107444,0.0,True,1.3397249141898149,10.510420230412244
STARLINK-3147,2021-104C,2026-07-16 01:26:07.596960,15.30216489,0.00011726,53.1613,10.1349,74.1581,285.9549,49410,25804,0.00357604,0.00107144,0.0,True,1.4894789241898148,10.259676125757633
STARLINK-34980,2025-179Z,2026-07-15 06:18:17.105472,15.0584791,0.00025043,97.2834,236.6262,99.6948,260.4563,65258,5101,0.0033957763,0.00049544,0.0,True,2.2865910941898147,9.71667636772584
STARLINK-30566,2023-158D,2026-07-15 22:10:22.856160,15.27687261,0.0001752,42.9957,22.6947,319.6512,40.421,58054,15318,0.0032648,0.00090991,0.0,True,1.6254134241898148,9.322142697286926
STARLINK-5264,2022-141BB,2026-07-16 03:30:42.206112,15.09271333,0.00014,53.1595,102.0177,105.1456,254.969,54206,20588,0.0032498076,0.00052437,0.0,True,1.4029672441898149,9.276981804814866
STARLINK-33643,2025-063U,2026-07-16 05:41:26.171808,15.34325732,0.00015488,53.1586,175.158,96.04,264.0779,63381,7444,0.0032134211,0.00109531,0.0,True,1.312180604189815,9.167376483856604
STARLINK-32315,2024-152W,2026-07-15 05:09:44.487072,15.30898567,0.00022526,53.1613,36.2179,162.6622,197.4456,60740,10624,0.0030729372,0.00093824,0.0,True,2.334190844189815,8.744203522759266
STARLINK-3799,2022-045BD,2026-07-15 18:32:37.290048,15.39024091,0.00017225,53.215,322.2503,40.1087,320.0046,52382,23543,0.0025997005,0.0010296,0.0,True,1.7766352541898147,7.3186951503483835
STARLINK-11735 [DTC],2025-111H,2026-07-16 06:50:46.275648,15.70635903,0.00014656,42.9988,278.7367,224.5393,135.5357,64130,6671,0.0025534571,0.00337976,0.0,True,1.2640312541898147,7.179398358977922
STARLINK-30485,2023-147H,2026-07-16 05:08:56.011488,15.28101482,0.00043283,42.9979,319.4161,208.4013,151.6603,57920,15628,0.0025023894,0.00070385,0.0,True,1.3347519041898148,7.025569558485976
STARLINK-35035,2025-192D,2026-07-15 10:41:09.773664,15.30392141,0.00037896,53.1617,358.9775,8.5816,351.5249,65407,4895,0.0024118535,0.00072208,0.0,True,2.1040370641898147,6.752852578898902
STARLINK-11734 [DTC],2025-124N,2026-07-15 12:26:40.585920,15.7073606,0.00017235,42.9991,338.2449,194.6097,165.4721,64329,6294,0.0020436275,0.00269275,0.0,True,2.030763774189815,5.64366293671906
STARLINK-3128,2021-104AK,2026-07-16 01:39:07.562592,15.34225428,9.646e-05,53.1616,348.6127,96.12,263.9913,49441,25835,0.0019618616,0.00066125,0.0,True,1.480451544189815,5.3973634104403265
STARLINK-31843,2024-088Q,2026-07-16 03:36:40.576032,15.31835766,0.00013787,53.1604,262.967,155.0862,205.0206,59722,12335,0.0019372696,0.00060497,0.0,True,1.398819444189815,5.323286100091555
STARLINK-11744 [DTC],2025-127L,2026-07-15 16:48:33.499872,15.71233295,0.00041897,43.0002,33.0616,262.9523,97.0868,64380,6363,0.0019244204,0.00258616,0.0,True,1.8489013441898148,5.2845810669046065
STARLINK-31437,2024-112V,2026-07-16 04:03:48.167136,15.30626145,0.000245,53.1596,201.4892,129.909,230.2126,60057,11826,0.0019022622,0.00057169,0.0,True,1.3799815841898149,5.217834976380447
STARLINK-4727,2022-111AG,2026-07-16 05:52:52.644864,15.09052717,0.00013072,53.1615,31.7923,99.8038,260.3101,53803,21343,0.0018759471,0.0002987,0.0,True,1.3042353141898149,5.138567253968323
STARLINK-31013,2023-191U,2026-07-16 04:05:50.860320,15.10826154,0.00077996,42.9996,120.6058,163.0438,197.067,58526,14485,0.0018209111,0.00030726,0.0,True,1.3785615241898148,4.972784932385898
STARLINK-31701,2024-076U,2026-07-16 04:23:00.827808,15.27698533,7.514e-05,43.003,3.3685,262.1663,97.9103,59582,12606,0.0017821405,0.00049285,0.0,True,1.366640604189815,4.855998100545947
STARLINK-4723,2022-111AA,2026-07-16 07:07:32.975616,15.27568929,0.00011713,53.1591,54.2619,118.7938,241.3179,53797,21312,0.0017400934,0.00047495,0.0,True,1.2523796341898148,4.729341623806934
STARLINK-5256,2022-141U,2026-07-16 03:24:40.570272,15.33993795,0.00021683,53.1631,144.1263,131.8145,228.3043,54175,20529,0.0017236806,0.00057561,0.0,True,1.407152844189815,4.679902128064729
STARLINK-34950,2025-175V,2026-07-16 03:43:10.853472,15.05742344,0.00014961,97.2834,67.2083,116.5178,243.6203,65193,5194,0.0017115217,0.00024785,0.0,True,1.3943023441898148,4.643276452690636
STARLINK-11496 [DTC],2024-237A,2026-07-15 18:41:49.322976,15.71004402,0.0004069,42.9996,4.8683,245.4667,114.5776,62267,9319,0.0017009573,0.00225432,0.0,True,1.7702459841898148,4.611453813724771
STARLINK-31920,2024-100Y,2026-07-15 01:09:45.597888,15.65331011,0.0026706,42.9896,70.1592,242.6196,117.1951,59907,12126,0.0016936968,0.00180018,0.0,True,2.5008446541898146,4.589583355372979
STARLINK-30327,2023-129K,2026-07-15 23:05:24.293472,15.43632863,0.00303385,42.9947,73.1042,216.5546,143.3241,57707,16063,0.0016364621,0.00077147,0.0,True,1.5872023441898149,4.4171779944987595
STARLINK-30776,2023-162U,2026-07-15 04:12:16.511904,15.46543401,0.00179759,42.9914,122.9678,188.5103,171.5453,58136,15191,0.0015936723,0.00082171,0.0,True,2.374097964189815,4.288284317922562
STARLINK-11731 [DTC],2025-127B,2026-07-14 22:45:07.879104,15.71008808,0.0003254,42.9998,37.7515,262.9297,97.12,64371,6351,0.0015572,0.00205867,0.0,True,2.601281214189815,4.178420545710725
STARLINK-3973,2022-052AZ,2026-07-16 01:15:42.919776,15.29707938,0.00012093,53.1612,40.1544,77.4492,282.6643,52645,23054,0.0015314146,0.00044583,0.0,True,1.4967089841898147,4.100748413380406
STARLINK-3173,2022-005H,2026-07-16 05:58:11.655264,15.0902776,0.00021549,53.1604,71.7249,147.1545,212.9581,51111,24828,0.0015230069,0.0002416,0.0,True,1.3005430641898148,4.075422299106684
STARLINK-11699 [DTC],2025-089M,2026-07-16 03:26:37.000320,15.71337855,0.00017323,42.9942,238.3429,245.6244,114.4443,63762,7033,0.0015101574,0.00202313,0.0,True,1.4058052741898148,4.036716362244023
STARLINK-33888,2025-093AA,2026-07-16 01:24:20.695104,15.27630303,0.00019771,43.002,72.9977,266.5288,93.5337,63860,6760,0.0014979672,0.00041254,0.0,True,1.490716214189815,3.999996403370667
STARLINK-31495,2024-056T,2026-07-16 02:58:57.235584,15.38515042,0.00099349,42.9959,214.381,85.7357,274.4634,59313,13092,0.0014791036,0.00057721,0.0,True,1.4250155141898149,3.943174479513515
STARLINK-11693 [DTC],2025-089N,2026-07-16 05:37:47.916768,15.7072704,0.0001368,43.0005,237.2934,270.8083,89.2628,63763,7024,0.0014693874,0.00191591,0.0,True,1.3147067041898148,3.913906833010151
STARLINK-11403 [DTC],2025-035J,2026-07-15 16:57:04.105728,15.70868944,0.00020032,43.0,323.7788,283.5626,76.5018,63060,8135,0.0014675887,0.00192525,0.0,True,1.8429915541898148,3.9084886946674238
STARLINK-32206,2024-131U,2026-07-16 05:13:38.790912,15.30525569,0.00024652,53.1603,175.6677,149.9373,210.1769,60273,11139,0.001466039,0.0004376,0.0,True,1.3314789941898146,3.9038206071654926
STARLINK-11746 [DTC],2025-127C,2026-07-15 22:24:12.850848,15.71010641,0.0002678,43.0002,31.3601,262.1522,97.9041,64372,6367,0.0014583,0.00192453,0.0,True,1.6158070041898147,3.8805087860533773
STARLINK-11461 [DTC],2024-249N,2026-07-16 03:40:37.629984,15.71003328,0.00022772,43.0013,113.4033,266.9359,93.1248,62421,8968,0.0014556045,0.00192023,0.0,True,1.396075764189815,3.8723892597828375
STARLINK-11669 [DTC],2025-075A,2026-07-16 03:05:35.878272,15.70896981,0.0001681,43.0006,99.1799,258.7194,101.3484,63548,7345,0.0014527036,0.00190749,0.0,True,1.420401594189815,3.863651016874951
STARLINK-35813,2025-254P,2026-07-15 17:38:28.103136,15.31757492,5.987e-05,53.1594,356.7276,104.858,255.2488,66361,3859,0.0014526302,0.00045066,0.0,True,1.8142415841898147,3.8634299175507967
STARLINK-11478 [DTC],2025-006D,2026-07-15 16:35:37.008384,15.70935101,0.00020272,43.0007,88.3558,265.5259,94.5377,62557,8673,0.0014462498,0.00190194,0.0,True,1.857888514189815,3.8442105425121946
STARLINK-11432 [DTC],2025-024D,2026-07-15 20:53:01.408416,15.70945863,0.0001999,43.0014,129.0453,240.2484,119.8185,62882,8362,0.0014425,0.00189781,0.0,True,1.679133884189815,3.832915198565146
STARLINK-11711 [DTC],2025-127J,2026-07-15 23:48:07.515360,15.7100623,0.00029737,43.0001,30.9332,256.5014,103.5522,64378,6379,0.0014139798,0.00186427,0.0,True,1.5575354241898147,3.747005158446041
STARLINK-11382 [DTC],2025-024C,2026-07-16 04:15:31.994496,15.70998732,0.00026288,43.0008,127.0442,247.3882,112.6707,62881,8367,0.0013851902,0.00182471,0.0,True,1.371835434189815,3.660283617537738
STARLINK-11365 [DTC],2025-024H,2026-07-15 19:59:30.533856,15.70878487,0.00019512,42.9999,128.7453,298.2336,61.8335,62886,8362,0.0013844051,0.00181415,0.0,True,1.7162967841898147,3.6579186981999525
STARLINK-37178,2026-068U,2026-07-16 03:48:33.556608,15.49351462,7.362e-05,53.1563,245.4626,66.9745,293.1342,68526,1670,0.0013827448,0.00077335,0.0,True,1.390567354189815,3.652917455585604
STARLINK-11408 [DTC],2025-035N,2026-07-15 17:42:45.231264,15.70861574,0.00017911,43.0001,323.1379,279.6083,80.4583,63064,8136,0.0013797542,0.00180658,0.0,True,1.8112655641898148,3.643909013639888
STARLINK-11409 [DTC],2025-035K,2026-07-15 15:34:27.930432,15.70861089,0.0001106,42.9996,324.2115,260.3348,99.7395,63061,8134,0.0013746,0.00179957,0.0,True,1.9003546941898148,3.6283832624606576
STARLINK-11451 [DTC],2025-006H,2026-07-16 01:22:02.735904,15.71006368,0.00014724,42.9997,85.9238,297.2898,62.7819,62561,8679,0.0013622369,0.00179419,0.0,True,1.492312964189815,3.5911424851520657
STARLINK-33884,2025-089V,2026-07-16 06:16:19.559136,15.27630048,0.00010212,43.0052,38.8949,303.6654,56.41,63770,6857,0.0013614773,0.0003745,0.0,True,1.2879515841898148,3.588854378249783
STARLINK-33582,2025-015AB,2026-07-15 21:44:44.510208,15.45656507,0.0003876,53.1524,81.0566,96.3664,263.7785,62783,8412,0.001361,0.00066835,0.0,True,1.6432183541898149,3.5874166301923065
STARLINK-3357,2022-005AY,2026-07-16 01:07:35.913216,15.21642812,0.00011352,53.1603,80.9873,71.616,288.496,51150,24814,0.0013591333,0.00030903,0.0,True,1.502345634189815,3.5817936586882384
STARLINK-3660,2022-025X,2026-07-16 07:00:35.592768,15.29651543,6.937e-05,53.1611,159.1217,123.0003,237.1064,51977,24078,0.0013581942,0.00039403,0.0,True,1.2572104541898148,3.578964852485061
STARLINK-11594 [DTC],2025-124D,2026-07-15 18:25:27.922656,15.70864726,0.00015311,42.9997,337.57,275.855,84.2144,64320,6297,0.0013579956,0.00177761,0.0,True,1.7816047841898148,3.5783666191638486
STARLINK-11720 [DTC],2025-111J,2026-07-16 06:27:50.518944,15.7101104,0.00016113,42.9981,278.6077,255.0,105.069,64131,6681,0.001345916,0.00177254,0.0,True,1.2799543641898148,3.5419798154029087
STARLINK-11455 [DTC],2024-254B,2026-07-15 22:07:19.060032,15.70946926,0.0002024,42.9998,170.5014,203.514,156.5636,62463,8956,0.0013412,0.00176134,0.0,True,1.627540694189815,3.527774033213384
STARLINK-11618 [DTC],2025-048C,2026-07-16 04:36:35.993664,15.71009913,0.00015967,42.9984,265.1146,223.418,136.6562,63185,7872,0.0013410547,0.00176589,0.0,True,1.3572058141898147,3.5273363529436343
STARLINK-11657 [DTC],2025-075L,2026-07-16 02:27:33.280992,15.70877111,0.00019206,43.0014,99.8582,267.7996,92.2652,63558,7344,0.001333281,0.00174543,0.0,True,1.4468205441898148,3.503920006674187
STARLINK-11566 [DTC],2025-027H,2026-07-16 06:47:35.534688,15.71004199,0.00020115,42.9987,292.804,265.2827,94.7811,62914,8341,0.0013266616,0.00174608,0.0,True,1.2662389041898148,3.483980703318516
STARLINK-11446 [DTC],2024-249H,2026-07-15 23:43:58.601280,15.7077811,0.00033158,42.9995,113.8752,299.6392,60.4145,62416,8966,0.0013205372,0.00172125,0.0,True,1.5604163741898147,3.4655324648873185
STARLINK-11509 [DTC],2025-035H,2026-07-15 17:12:21.617568,15.70865252,0.00017697,42.9997,323.8655,279.0149,81.0518,63059,8123,0.0013203378,0.00172719,0.0,True,1.832372204189815,3.4649318217642078
STARLINK-11392 [DTC],2025-035E,2026-07-15 17:04:42.889728,15.70866079,0.00017612,42.9996,323.8243,276.6327,83.434,63056,8135,0.0013109808,0.00171472,0.0,True,1.8376815541898148,3.4367461763131075
STARLINK-11593 [DTC],2025-057M,2026-07-16 02:01:38.475840,15.70911499,0.00017479,43.0001,210.3513,250.9826,109.0853,63318,7740,0.001304284,0.00170908,0.0,True,1.4648159741898148,3.4165737246237917
STARLINK-11674 [DTC],2025-124L,2026-07-15 20:19:46.240608,15.70886472,0.0001467,42.9992,336.4147,259.4283,100.642,64327,6299,0.0013024,0.00170473,0.0,True,1.7022261041898148,3.410898641153676
STARLINK-11692 [DTC],2025-127M,2026-07-16 06:09:40.309056,15.70861366,0.00010755,42.9999,29.4861,298.1644,61.9115,64381,6383,0.00129951,0.00169899,0.0,True,1.2925725341898149,3.4021932317966517
STARLINK-11415 [DTC],2025-008F,2026-07-16 00:31:59.509920,15.70971982,0.00035333,43.0001,72.9748,258.3938,101.6533,62592,8740,0.0012920265,0.00169734,0.0,True,1.5270725241898149,3.379651041165754
STARLINK-11571 [DTC],2025-031F,2026-07-16 07:07:06.278880,15.70983234,0.00013227,42.9987,305.8387,171.1646,188.9245,62986,8297,0.001287056,0.00169116,0.0,True,1.252688624189815,3.364678640747383
STARLINK-11713 [DTC],2025-107G,2026-07-15 22:05:45.893184,15.70970752,0.0002544,43.0012,45.4608,268.5625,91.4951,64070,6746,0.0012734,0.00167197,0.0,True,1.628619014189815,3.323543322346163
STARLINK-35180,2025-195E,2026-07-16 04:46:55.584480,15.3441461,0.00012316,53.1601,19.5313,100.4153,259.6989,65462,4969,0.0012732457,0.00042909,0.0,True,1.350034624189815,3.323078531805059
STARLINK-31692,2024-076P,2026-07-15 18:18:59.325696,15.36206163,0.00112248,43.0002,2.7616,297.854,62.1177,59577,12612,0.0012712163,0.00045921,0.0,True,1.7861024341898148,3.316965466839957
STARLINK-11587 [DTC],2025-057D,2026-07-16 01:31:14.920032,15.70992233,0.00015942,42.9997,211.08,247.818,112.2519,63310,7736,0.001270236,0.00166919,0.0,True,1.4859219441898148,3.314012555839026
STARLINK-11741 [DTC],2025-107A,2026-07-14 23:50:36.282336,15.70967952,0.00019404,43.0005,51.4259,272.7483,87.3163,64064,6731,0.0012674125,0.00166368,0.0,True,2.555813584189815,3.305507461264784
STARLINK-11527 [DTC],2025-004N,2026-07-15 21:18:46.637856,15.71026001,0.0001419,43.0002,17.7343,298.9243,61.1482,62523,8737,0.0012646,0.00166407,0.0,True,1.6612492841898148,3.2970355014666417
STARLINK-11697 [DTC],2025-075F,2026-07-16 01:56:58.310016,15.70894117,0.00016925,43.0009,99.6894,273.2732,86.7942,63553,7344,0.001259665,0.00164802,0.0,True,1.4680586341898147,3.2821700360075012
STARLINK-11458 [DTC],2025-031B,2026-07-15 08:44:18.036960,15.70948465,0.00015715,42.9998,311.7607,255.7193,104.35,62982,8282,0.0012581505,0.00164984,0.0,True,2.185191424189815,3.2776079797890874
STARLINK-32698,2024-239M,2026-07-15 16:40:04.310976,15.34383523,8.571e-05,53.1603,317.8248,91.9466,268.1634,62312,8900,0.001256704,0.00042301,0.0,True,1.854794734189815,3.273250756732016
STARLINK-11540 [DTC],2025-006L,2026-07-16 02:00:15.981120,15.70980405,0.00022809,43.0017,86.136,269.7852,90.2755,62564,8679,0.0012559659,0.00164923,0.0,True,1.4657707741898147,3.2710274132557466
STARLINK-11607 [DTC],2025-043J,2026-07-16 01:19:06.227616,15.70820887,0.00041339,42.9977,196.7036,294.9591,65.0846,63140,7966,0.0012482379,0.00162808,0.0,True,1.4943558841898148,3.2477487269197307
STARLINK-11597 [DTC],2025-039M,2026-07-15 11:00:08.142912,15.70845691,7.788e-05,42.9998,186.3833,285.0408,75.0373,63115,7971,0.0012343796,0.00161082,0.0,True,2.0908614941898147,3.2060040298635184
STARLINK-11270 [DTC],2024-158K,2026-07-15 20:32:39.144768,15.69771592,6.8e-05,53.1571,9.5191,65.2492,294.8597,60999,10771,0.0012309,0.00151682,0.0,True,1.6932804541898148,3.1955225965075655
STARLINK-5571,2023-013BB,2026-07-16 06:58:27.969600,15.23537833,0.0001103,42.9991,300.9438,271.0403,89.0321,55380,19129,0.0012302335,0.00029842,0.0,True,1.2586875741898147,3.193514930301179
STARLINK-11367 [DTC],2024-220K,2026-07-15 19:00:14.632128,15.7097048,0.00037971,43.0013,350.6213,268.5254,91.5179,62097,9520,0.0012145343,0.00159323,0.0,True,1.7574530541898148,3.146224977852113
STARLINK-31943,2024-098W,2026-07-16 05:16:06.859776,15.50490922,0.00206342,42.9933,263.3804,31.55,328.6593,59878,12095,0.0012122717,0.00071808,0.0,True,1.329765234189815,3.1394094556337033
STARLINK-33751,2025-071V,2026-07-16 04:49:52.217184,15.31787602,0.00010962,53.1573,262.3962,71.1812,288.9308,63512,7243,0.0012111807,0.00037512,0.0,True,1.3479902641898147,3.1361230882951174
STARLINK-1967,2021-009W,2026-07-16 15:27:50.992416,16.07178874,0.0002385,53.0318,79.6184,244.5595,115.5191,47568,30139,0.0012054,0.00965496,0.0005221,True,0.9049488841898148,3.118710161004407
STARLINK-11676 [DTC],2025-089G,2026-07-16 03:34:20.554464,15.70991726,0.00012981,42.9976,237.4984,214.1913,145.8871,63757,7023,0.0012050774,0.00158161,0.0,True,1.400440064189815,3.117738408388983
STARLINK-11391 [DTC],2025-024L,2026-07-15 18:43:14.094336,15.70919073,0.00023069,42.9991,129.1994,250.8692,109.1926,62889,8361,0.0012011696,0.00157154,0.0,True,1.769264834189815,3.105967128567052
STARLINK-11588 [DTC],2025-057N,2026-07-16 02:16:56.152704,15.70941967,0.00018465,42.9997,210.4359,246.2054,113.862,63319,7737,0.001199346,0.00157059,0.0,True,1.4541947141898148,3.100473985140246
STARLINK-11453 [DTC],2024-249C,2026-07-16 03:25:19.958304,15.70892275,0.00030036,43.0013,113.3248,261.0004,99.0524,62411,8968,0.0011900118,0.00155494,0.0,True,1.4066969641898148,3.0723570190432423
STARLINK-11507 [DTC],2025-004J,2026-07-15 20:25:26.430240,15.70958616,0.0001798,43.0007,18.3337,326.0782,33.9971,62519,8736,0.0011793,0.00154493,0.0,True,1.6982887241898148,3.0400903740776455
STARLINK-3456,2022-016AX,2026-07-16 02:42:02.191104,15.34205569,0.00011689,53.1616,89.7166,91.7814,268.3323,51759,24313,0.0011685498,0.00039067,0.0,True,1.4367637141898149,3.007708058620937
STARLINK-11659 [DTC],2025-053B,2026-07-15 00:02:31.407360,15.70860396,0.00027589,43.0005,64.7219,235.6309,124.4298,63266,7769,0.0011605713,0.00151353,0.0,True,2.547536674189815,2.983674803065567
STARLINK-3711,2022-029AV,2026-07-16 07:33:49.530240,15.19824903,0.00015773,53.2132,202.6421,339.888,20.2054,52131,24048,0.0011587977,0.00024906,0.0,True,1.2341324741898148,2.9783322722573944
STARLINK-11677 [DTC],2025-089A,2026-07-15 04:25:51.172320,15.70850986,0.00034368,42.9992,244.0624,296.0333,64.018,63751,7018,0.0011578415,0.00150942,0.0,True,2.3646690241898147,2.975451956538644
STARLINK-11371 [DTC],2025-024A,2026-07-16 04:38:28.995360,15.70964078,0.00011445,43.0008,127.1733,325.4729,34.6065,62879,8367,0.0011557154,0.00151362,0.0,True,1.3558979241898148,2.9690476067691045
STARLINK-11443 [DTC],2025-004B,2026-07-14 12:53:15.292320,15.70921748,0.00027548,43.0022,26.5584,267.5488,92.5065,62512,8715,0.0011541634,0.00150895,0.0,True,3.012306524189815,2.9643725910867165
STARLINK-2386,2021-018U,2026-07-15 18:08:53.864736,15.24973295,0.00025453,53.087,7.8523,198.6716,161.4189,47805,29631,0.0011506992,0.00028842,0.0,True,1.7931100841898149,2.953937546417303
STARLINK-11413 [DTC],2025-008G,2026-07-16 00:24:21.266784,15.70865714,0.00018643,43.0014,72.9294,271.0256,89.0398,62593,8736,0.0011448766,0.00149285,0.0,True,1.5323762641898149,2.9363984057521777
STARLINK-11320 [DTC],2024-209D,2026-07-16 02:42:58.243968,15.69731077,0.00011914,53.1572,98.5209,77.4032,282.7119,61942,9684,0.001136761,0.0013959,0.0,True,1.4361149541898148,2.9119521703965137
STARLINK-32855,2025-018H,2026-07-16 01:54:11.756736,15.34386459,0.00017145,53.1587,71.9493,94.8606,265.2592,62813,8284,0.0011363131,0.00038195,0.0,True,1.4699863341898147,2.9106029825587934
STARLINK-1185,2020-006AV,2026-07-15 17:29:58.948800,15.5030795,0.00018775,53.1578,356.2858,161.0477,199.0603,45087,35685,0.0011340421,0.00065432,0.0,True,1.820134574189815,2.9037621574204535
STARLINK-11633 [DTC],2025-057L,2026-07-16 01:46:21.218880,15.70907201,9.714e-05,42.9974,210.2648,260.871,99.2048,63317,7737,0.0011337065,0.00148057,0.0,True,1.4754323741898148,2.902751245524184
STARLINK-31038,2023-200S,2026-07-16 07:01:15.670272,15.38691932,0.00104823,42.9975,157.8473,145.4815,214.6723,58605,14333,0.0011321625,0.00044299,0.0,True,1.2567465941898148,2.898100327860778
STARLINK-11627 [DTC],2025-039D,2026-07-16 07:13:19.627968,15.70966093,0.00048227,42.9999,181.5329,243.4358,116.6015,63107,7984,0.0011309151,0.00148126,0.0,True,1.2483674541898149,2.8943428442511054
STARLINK-11630 [DTC],2025-039H,2026-07-16 00:13:46.336512,15.70917834,0.00018665,43.0,183.6603,234.7585,125.3108,63111,7979,0.001128794,0.00147472,0.0,True,1.539724994189815,2.887953555743429
STARLINK-11538 [DTC],2025-006A,2026-07-16 01:06:44.905248,15.7088121,0.00022404,43.0006,85.8451,287.6887,72.3736,62554,8679,0.0011242986,0.00146646,0.0,True,1.5029360041898148,2.8744122764273152
STARLINK-11609 [DTC],2025-043A,2026-07-15 09:10:10.155936,15.7085322,0.00022935,43.0025,201.134,246.2744,113.7883,63132,7954,0.0011233729,0.00146348,0.0,True,2.1672270841898147,2.871623834405932
STARLINK-11602 [DTC],2025-048A,2026-07-16 05:30:06.995232,15.70982775,0.00015699,42.995,265.4122,179.3287,180.7583,63183,7835,0.0011226929,0.00147066,0.0,True,1.320041444189815,2.869575502792515
STARLINK-11738 [DTC],2025-127F,2026-07-14 23:00:26.476992,15.7097089,7.8e-05,42.9947,37.8381,18.1406,341.9489,64375,6351,0.0011177167,0.00146324,0.0,True,2.5906492941898147,2.8545859325356195
STARLINK-11483 [DTC],2024-231F,2026-07-16 03:56:54.045888,15.69714212,0.00011712,53.157,187.6581,30.0433,330.0652,62223,9359,0.0011165342,0.00136956,0.0,True,1.3847746541898147,2.8510239441049343
STARLINK-11665 [DTC],2025-075B,2026-07-15 18:34:28.135200,15.70935814,0.0001732,42.9995,101.6948,273.6892,86.3778,63549,7339,0.0011144478,0.0014567,0.0,True,1.7753523241898148,2.844739180754589
STARLINK-11656 [DTC],2025-085L,2026-07-16 03:07:07.278240,15.70938756,0.00018934,42.999,224.0861,244.6716,115.3956,63674,7044,0.0011107219,0.00145192,0.0,True,1.4193437241898148,2.8335158296392473
STARLINK-11420 [DTC],2025-008E,2026-07-15 01:15:40.173120,15.70861072,0.0002156,43.0009,78.5999,290.1207,69.9429,62591,8732,0.0011092752,0.0014452,0.0,True,2.496740774189815,2.8291580041317013
STARLINK-11333 [DTC],2024-237G,2026-07-15 11:11:40.652736,15.70913926,9.751e-05,42.9975,6.8255,245.6417,114.4349,62273,9314,0.0011089983,0.00144804,0.0,True,2.082846334189815,2.8283239114497087
STARLINK-11595 [DTC],2025-085F,2026-07-16 02:13:47.484480,15.70887237,0.0001503,42.998,224.6843,265.4833,94.5863,63669,7108,0.0011064681,0.00144303,0.0,True,1.4563783741898149,2.8207023104963715
STARLINK-34415,2025-137AA,2026-07-16 03:29:49.267104,15.34393325,0.00011607,53.1589,97.7533,84.3175,275.796,64618,6041,0.0011009874,0.00036998,0.0,True,1.4035799641898148,2.8041930589174635
STARLINK-11724 [DTC],2025-111B,2026-07-16 06:35:29.281344,15.70982007,0.0001561,42.9989,278.6541,245.0623,115.0083,64124,6686,0.0010965092,0.00143559,0.0,True,1.274644614189815,2.7907035903421593
STARLINK-2330,2021-021Q,2026-07-15 21:04:43.290912,15.4044861,7.83e-05,53.1435,337.1495,175.9732,184.1279,47874,29664,0.0010944,0.00044851,0.0,True,1.6710102441898147,2.784350147637718
STARLINK-11565 [DTC],2025-027F,2026-07-16 07:10:20.827488,15.70972169,0.00022495,42.9999,292.0367,271.2437,88.8173,62912,8338,0.0010887327,0.00142466,0.0,True,1.2504369041898147,2.7672788097660694
STARLINK-11506 [DTC],2024-254E,2026-07-15 23:46:20.166816,15.70938952,0.00018023,43.0004,169.2668,242.7059,117.3626,62466,8942,0.0010841445,0.00141647,0.0,True,1.558777884189815,2.7534579934297714
STARLINK-11610 [DTC],2025-043D,2026-07-16 06:47:18.007584,15.70960503,0.0001716,42.9999,195.8548,227.8096,132.2626,63135,7957,0.0010809943,0.00141357,0.0,True,1.2664417641898147,2.7439687960053774
STARLINK-11414 [DTC],2024-209K,2026-07-16 03:11:04.472160,15.69754148,0.00011473,53.1575,97.9144,135.5526,224.5585,61948,9689,0.0010804828,0.00132665,0.0,True,1.4165984241898149,2.7424280289167555
STARLINK-11470 [DTC],2024-217F,2026-07-16 04:14:35.131200,15.69724384,9.616e-05,53.1578,157.8789,116.7189,243.3928,62062,9529,0.0010800693,0.00132447,0.0,True,1.3724935741898148,2.741182462560655
STARLINK-11464 [DTC],2024-254M,2026-07-16 06:46:05.878272,15.70861885,0.00019008,43.0026,168.0299,268.3607,91.7043,62473,8967,0.0010792208,0.00140526,0.0,True,1.2672765941898148,2.738626566422442
STARLINK-11561 [DTC],2025-027B,2026-07-16 07:25:38.144928,15.709739,0.00016074,42.9986,292.1233,255.9291,104.1398,62908,8338,0.0010785493,0.00141111,0.0,True,1.2398198041898147,2.736603838954192
STARLINK-11445 [DTC],2024-249F,2026-07-16 03:17:41.499168,15.70869046,0.00018274,43.0013,113.2796,274.0201,86.0457,62414,8968,0.0010782059,0.00140434,0.0,True,1.4120032041898147,2.735569431489416
STARLINK-11484 [DTC],2024-237L,2026-07-15 19:50:26.993184,15.70876776,0.00021266,43.002,4.3518,277.5398,82.5229,62277,9320,0.0010725433,0.0013973,0.0,True,1.7225877641898149,2.7185122512039186
STARLINK-32191,2024-133P,2026-07-15 04:36:26.984736,15.30434392,9.236e-05,53.161,64.6722,100.1142,259.9963,60314,11116,0.0010714343,0.0003174,0.0,True,2.3573100841898147,2.715171663322624
STARLINK-11381 [DTC],2024-220G,2026-07-15 11:45:23.247360,15.70841774,0.00035686,42.9994,352.6629,293.2488,66.8004,62094,9505,0.0010672161,0.00138838,0.0,True,2.059436674189815,2.702465380364216
STARLINK-11605 [DTC],2025-043C,2026-07-15 16:55:37.410240,15.70854452,0.00011749,43.0003,199.2627,284.7632,75.3105,63134,7948,0.0010664334,0.0013878,0.0,True,1.8439949741898147,2.700107690432125
STARLINK-2314,2021-018B,2026-07-15 16:46:38.148960,15.42697942,0.00010568,53.1557,339.4991,128.2771,231.8331,47788,29674,0.0010625774,0.00046955,0.0,True,1.8502364241898148,2.6884924452830985
STARLINK-11620 [DTC],2025-053G,2026-07-15 16:11:38.972832,15.70909924,0.00014606,42.9985,61.1933,303.414,56.6588,63271,7779,0.0010602216,0.00138284,0.0,True,1.8745324441898148,2.6813961811435556
STARLINK-11584 [DTC],2025-039C,2026-07-16 00:21:24.597792,15.70892957,0.00020873,43.0,183.7044,239.9012,120.1649,63106,7979,0.0010586822,0.00137983,0.0,True,1.534421044189815,2.676759119841063
STARLINK-36097,2025-298S,2026-07-15 22:17:52.652832,15.4353763,0.0009352,69.9933,31.5756,202.412,157.6655,67091,3291,0.0010556,0.00047736,0.0,True,1.6202074441898149,2.6674747555780107
STARLINK-35669,2025-257S,2026-07-15 09:42:44.137728,15.34426624,0.00012505,53.1607,341.2159,132.9436,227.1672,66396,3932,0.0010528415,0.00035394,0.0,True,2.1446115541898148,2.6591654574079926
STARLINK-33636,2025-063S,2026-07-16 07:17:03.854112,15.41841952,0.00044088,53.1589,171.3263,78.4103,281.7397,63379,7445,0.0010526338,0.0004519,0.0,True,1.245772244189815,2.6585398125901882
STARLINK-11655 [DTC],2025-085M,2026-07-15 11:43:53.446656,15.7096254,0.0001184,42.9978,227.8758,285.905,74.1687,63675,7034,0.0010514888,0.0013743,0.0,True,2.060476034189815,2.6550907836234776
STARLINK-11500 [DTC],2024-254L,2026-07-15 07:06:50.044320,15.70842144,0.00012758,43.001,173.5234,287.8902,72.1827,62472,8894,0.001049581,0.00136471,0.0,True,2.2528765241898148,2.6493440085468922
STARLINK-11481 [DTC],2024-231N,2026-07-16 05:14:36.647808,15.69731631,0.00014309,53.1572,188.0102,57.3616,302.754,62230,9359,0.0010482708,0.00128508,0.0,True,1.3308093541898147,2.6453973554882166
STARLINK-11501 [DTC],2024-237B,2026-07-15 20:59:04.604640,15.70872259,0.000149,43.0002,3.8442,258.8709,101.1991,62268,9316,0.0010477,0.00136392,0.0,True,1.674930224189815,2.6436779618338946
STARLINK-11412 [DTC],2025-035L,2026-07-15 19:52:32.444256,15.70856033,0.00017619,42.9998,322.9691,265.9424,94.1242,63062,8137,0.0010458276,0.00136056,0.0,True,1.721135784189815,2.638037820491302
STARLINK-32678,2024-239J,2026-07-16 06:48:07.442208,15.37750801,0.00051931,53.1579,302.3089,325.6408,34.4259,62309,8927,0.0010449591,0.00039145,0.0,True,1.2658696041898148,2.6354216793056358
STARLINK-11417 [DTC],2025-031C,2026-07-16 06:59:38.912640,15.70933651,0.00013272,42.9986,306.6956,287.7337,72.3385,62983,8296,0.0010442762,0.001363,0.0,True,1.2578664741898147,2.633364612160338
STARLINK-36785,2026-034D,2026-07-15 08:46:32.906496,15.30251948,0.00024875,53.1626,331.1878,27.9485,332.1649,67853,2358,0.0010424908,0.00030695,0.0,True,2.1836304341898147,2.6279865367741673
STARLINK-35332,2025-224F,2026-07-16 05:31:58.355328,15.3441598,0.0001378,53.1578,131.5139,122.434,237.6796,65887,4457,0.0010410337,0.00034979,0.0,True,1.3187525541898149,2.623597383841946
STARLINK-35079,2025-210AD,2026-07-16 01:31:19.564032,15.30211562,0.00013798,53.1592,70.9328,57.4564,302.657,65649,4738,0.0010394981,0.00030566,0.0,True,1.4858681941898149,2.6189717690984695
STARLINK-2373,2021-018K,2026-07-15 19:46:23.746080,15.36929437,4.78e-05,53.1569,1.6894,196.0155,164.0833,47796,29641,0.0010373,0.00037809,0.0,True,1.725403124189815,2.6123505371580964
STARLINK-11438 [DTC],2025-024K,2026-07-15 20:00:49.512960,15.7086059,0.00013392,42.9999,128.7536,300.0525,60.021,62888,8362,0.0010357977,0.00134749,0.0,True,1.7153826741898148,2.6078252304186305
STARLINK-11522 [DTC],2025-043K,2026-07-16 01:26:44.821536,15.7084671,0.00033017,43.0009,196.7451,285.7738,74.2766,63141,7948,0.0010351295,0.00134604,0.0,True,1.4890480841898148,2.6058124433832104
STARLINK-11515 [DTC],2025-006C,2026-07-16 00:43:59.871648,15.70877369,0.0001696,43.0007,86.6105,266.9817,93.0857,62556,8678,0.0010316934,0.00134303,0.0,True,1.5187350041898147,2.595462043005469
STARLINK-11686 [DTC],2025-119A,2026-07-16 00:21:31.896000,15.70871422,0.00020503,43.0022,155.9123,274.4569,85.6064,64233,6542,0.0010299668,0.00134042,0.0,True,1.534336574189815,2.590261088058812
STARLINK-11435 [DTC],2025-024N,2026-07-16 00:11:26.107584,15.70840939,0.00013149,42.9996,128.3608,263.5033,96.5685,62891,8364,0.0010265894,0.00133415,0.0,True,1.5413480141898148,2.580087506895347
STARLINK-11485 [DTC],2024-231M,2026-07-16 05:49:46.380288,15.69794192,0.00013595,53.1577,187.4408,97.1845,262.9328,62229,9360,0.0010256829,0.00126015,0.0,True,1.3063911541898148,2.577356900119519
STARLINK-11708 [DTC],2025-119F,2026-07-16 06:34:05.815488,15.70951304,0.00030216,43.0011,154.4106,254.76,105.2934,64238,6546,0.0010255938,0.00133932,0.0,True,1.2756106541898147,2.5770885084331137
STARLINK-11573 [DTC],2025-031J,2026-07-15 15:21:06.927264,15.70874288,0.00032869,43.0026,310.3972,293.6975,66.3548,62989,8283,0.0010237854,0.00133256,0.0,True,1.9096255641898148,2.5716411512423725
STARLINK-11526 [DTC],2025-032C,2026-07-16 05:20:52.747872,15.70861855,0.00017799,43.0021,140.1452,248.7618,111.306,63007,8243,0.0010227841,0.00133032,0.0,True,1.3264563441898147,2.5686249829416146
STARLINK-4007,2022-053BD,2026-07-16 05:14:31.082784,15.11626909,0.00010508,53.2152,276.1798,14.0882,346.014,52707,23079,0.0010225076,0.0001732,0.0,True,1.330873764189815,2.5677920951605704
STARLINK-11347 [DTC],2025-035C,2026-07-15 17:20:00.275424,15.70865216,0.00023303,43.0018,323.9123,279.574,80.4864,63054,8135,0.0010215663,0.00132895,0.0,True,1.8270636641898148,2.5649566620021735
STARLINK-11680 [DTC],2025-075G,2026-07-16 02:35:12.050304,15.70845794,0.00019291,43.003,99.9049,286.99,73.0756,63554,7344,0.0010172394,0.00132207,0.0,True,1.441510714189815,2.5519229472108553
STARLINK-11662 [DTC],2025-089D,2026-07-15 11:40:43.070304,15.70986152,0.000228,42.9994,242.0178,289.464,70.5981,63754,7028,0.0010170217,0.00132978,0.0,True,2.0626794641898147,2.5512671798693245
STARLINK-11673 [DTC],2025-124B,2026-07-15 20:50:21.272064,15.70887131,0.0002472,43.0006,336.5917,281.7079,78.3511,64318,6299,0.0010127,0.00131841,0.0,True,1.6809873141898148,2.5382491287903446
STARLINK-11386 [DTC],2024-220L,2026-07-15 18:52:36.004512,15.70945579,0.00032762,43.0013,350.5777,268.3923,91.6569,62098,9510,0.0010112079,0.00131989,0.0,True,1.7627612441898148,2.533754547025079
STARLINK-11583 [DTC],2025-031L,2026-07-15 09:22:31.334880,15.70850272,0.00014323,42.9949,311.9626,238.8977,121.175,62991,8283,0.0010092128,0.00131167,0.0,True,2.158648624189815,2.5277448023163593
STARLINK-32696,2024-239K,2026-07-15 17:52:38.066592,15.34414482,9.993e-05,53.1594,317.4309,72.2437,287.8675,62310,8901,0.0010079898,0.0003385,0.0,True,1.8044040441898148,2.5240608176645805
STARLINK-11646 [DTC],2025-048D,2026-07-15 05:27:55.117728,15.70895159,0.00014007,42.9979,270.7756,220.4646,139.6118,63186,7858,0.0010066538,0.00131078,0.0,True,2.3215678041898147,2.5200364484946896
STARLINK-11468 [DTC],2024-231D,2026-07-16 03:35:51.113760,15.69768594,0.00011051,53.1579,188.2963,121.5732,238.5394,62221,9358,0.0010057097,0.00123378,0.0,True,1.3993919241898147,2.5171925810296494
STARLINK-11550 [DTC],2025-035A,2026-07-15 11:51:48.427200,15.70831254,0.00035098,43.0017,324.7653,289.9433,70.1056,63052,8132,0.0010050432,0.00130533,0.0,True,2.054978574189815,2.5151849148232626
STARLINK-33908,2025-087D,2026-07-15 19:01:04.008864,15.30235154,5.388e-05,53.1616,344.47,81.026,279.0802,63700,6881,0.0010036887,0.00029518,0.0,True,1.7568815641898146,2.511104818984477
STARLINK-11449 [DTC],2025-032H,2026-07-16 05:59:06.749952,15.70848312,0.00010647,43.0007,140.3602,305.9552,54.1217,63012,8243,0.0010023429,0.00130243,0.0,True,1.2999053941898149,2.5070509297413337
STARLINK-30806,2023-167F,2026-07-16 04:59:57.139872,15.35799588,0.00074099,42.998,134.7061,170.9992,189.0997,58180,15067,0.0010021989,0.0003558,0.0,True,1.3409888441898148,2.506617165399669
STARLINK-11582 [DTC],2025-031E,2026-07-15 15:05:50.009856,15.70874152,0.0003127,42.9987,310.3129,309.6443,50.4148,62985,8286,0.0010016,0.00130307,0.0,True,1.9202380341898149,2.5048131274536756
STARLINK-31096,2023-200D,2026-07-16 06:49:52.266144,15.38123688,0.001427,42.9948,159.4806,147.3491,212.8249,58592,14331,0.00099911528,0.00038365,0.0,True,1.2646563641898148,2.497328523738248
STARLINK-11424 [DTC],2024-209L,2026-07-16 06:21:30.354624,15.69757831,8.91e-05,53.1572,97.3193,92.4103,267.7016,61949,9687,0.00099530736,0.00122021,0.0,True,1.2843544141898149,2.485858107683299
STARLINK-11504 [DTC],2024-237H,2026-07-16 03:35:53.694528,15.70921301,0.00020253,42.9991,2.4799,290.6871,69.3779,62274,9320,0.0009924003,0.00129335,0.0,True,1.3993620541898149,2.4771013093007963
STARLINK-11493 [DTC],2024-249B,2026-07-16 04:11:12.518016,15.70876024,0.00017824,43.0013,113.5814,266.4627,93.6037,62410,8968,0.00099159124,0.00128975,0.0,True,1.374838634189815,2.4746642163961616
STARLINK-11475 [DTC],2024-231J,2026-07-16 05:42:42.577056,15.6980485,0.00010767,53.1579,187.4087,88.5237,271.5904,62226,9360,0.00098686441,0.00121206,0.0,True,1.3112962841898148,2.4604258115134403
STARLINK-11436 [DTC],2025-024J,2026-07-16 04:00:14.844672,15.70943828,0.00018438,43.0012,126.9551,285.5408,74.5256,62887,8367,0.00098563855,0.00128558,0.0,True,1.3824505941898149,2.4567332118198757
STARLINK-36840,2026-034A,2026-07-15 12:49:13.782720,15.30215089,8.462e-05,53.16,330.1303,81.8048,278.3049,67850,2361,0.00098415242,0.00028916,0.0,True,2.015101774189815,2.4522566132012753
STARLINK-11523 [DTC],2025-006M,2026-07-15 23:04:47.824032,15.70835063,0.00022299,43.0028,86.9429,263.4925,96.5688,62565,8677,0.00098215563,0.00127504,0.0,True,1.5876244441898146,2.4462417777860463
STARLINK-11521 [DTC],2025-008L,2026-07-16 01:10:02.240256,15.70874495,0.00018539,43.0005,72.2919,268.1401,91.9255,62597,8747,0.00097910022,0.00127311,0.0,True,1.5006520341898149,2.437038111764058
STARLINK-1296,2020-019BE,2026-07-15 11:44:27.372480,15.41990155,0.00013428,53.1528,250.3483,328.6412,31.4513,45412,34961,0.00097890604,0.00042179,0.0,True,2.060083374189815,2.4364531925983317
STARLINK-11546 [DTC],2025-019G,2026-07-15 14:40:40.720224,15.70873586,0.00012728,42.9987,255.4379,272.8044,87.2678,62835,8399,0.00097651579,0.00126961,0.0,True,1.9377066641898149,2.4292531563645503
STARLINK-30994,2023-186L,2026-07-16 03:35:37.331232,15.35987709,0.00090875,42.9971,251.81,29.5048,330.6319,58483,14748,0.00097577201,0.00034857,0.0,True,1.3995514441898147,2.4270127032948037
STARLINK-4565,2022-101AM,2026-07-16 04:44:16.139328,15.35435744,0.00015105,53.1591,193.5872,112.1609,247.9554,53562,21655,0.0009752969,0.00033831,0.0,True,1.3518800541898148,2.4255815520700232
STARLINK-30714,2023-148E,2026-07-16 04:25:28.360992,15.32065365,0.00018841,53.1584,147.4729,93.4111,266.7106,57939,15809,0.00097398488,0.00030329,0.0,True,1.3649330441898149,2.421629416712029
STARLINK-11567 [DTC],2025-027C,2026-07-15 08:01:51.089376,15.70857716,0.00014687,42.9984,298.5939,252.8982,107.1725,62909,8322,0.00097296505,0.00126406,0.0,True,2.2146699841898148,2.418557431374806
STARLINK-11517 [DTC],2025-006F,2026-07-15 19:46:22.627200,15.70875376,0.00018554,43.0003,87.6304,258.528,101.5379,62559,8675,0.00097182002,0.00126351,0.0,True,1.7254160741898148,2.415108312040524
STARLINK-11387 [DTC],2024-220C,2026-07-15 19:53:45.782304,15.70901593,0.0003527,43.0036,350.9223,292.4793,67.5701,62090,9520,0.000971412,0.00126462,0.0,True,1.7202869641898149,2.413879252827426
STARLINK-11690 [DTC],2025-119K,2026-07-16 05:48:13.280832,15.70895694,0.0004468,43.0012,154.1516,294.1861,65.854,64242,6546,0.00096492692,0.00125594,0.0,True,1.3074686941898148,2.3943445552104525
STARLINK-30808,2023-171W,2026-07-16 06:25:51.756960,15.30927439,0.00027368,42.9974,278.6541,346.0851,13.9926,58250,14940,0.0009637965,0.0002925,0.0,True,1.281328924189815,2.3909394448833363
STARLINK-11608 [DTC],2025-053L,2026-07-16 00:19:50.558304,15.70950525,5.606e-05,42.9997,58.5477,265.6722,94.4082,63275,7784,0.00096363622,0.00125667,0.0,True,1.535509464189815,2.390456641073044
STARLINK-11425 [DTC],2024-209E,2026-07-16 02:35:54.303360,15.69739289,0.0001394,53.1569,98.4888,114.1608,245.9556,61943,9684,0.00096261779,0.00117844,0.0,True,1.4410216741898147,2.387388872889143
STARLINK-1168,2020-006AE,2026-07-15 22:07:53.506848,15.38689516,0.0002965,53.1563,19.5019,122.4154,237.7137,45072,35654,0.00096173,0.00037102,0.0,True,1.6271420041898148,2.384714625355208
STARLINK-11675 [DTC],2025-119C,2026-07-16 06:03:30.998304,15.70868432,0.00025889,43.0008,154.2408,249.8505,110.2084,64235,6546,0.00096146236,0.0012495,0.0,True,1.2968469641898148,2.3839084261301857
STARLINK-3966,2022-051V,2026-07-16 05:12:46.570752,15.2958328,0.00023987,53.1612,270.3685,56.8904,303.2327,52552,23087,0.00096041556,0.00027656,0.0,True,1.332083394189815,2.3807552003464716
STARLINK-11542 [DTC],2025-031H,2026-07-16 07:22:23.765664,15.70911654,0.0001022,42.9973,305.9214,228.4818,131.5962,62988,8294,0.00095919204,0.00124869,0.0,True,1.2420695641898147,2.377069649323459
STARLINK-34871,2025-176V,2026-07-15 16:51:40.898880,15.34432648,0.00013386,53.1588,275.7282,75.8523,284.2628,65217,5275,0.00095851811,0.00032182,0.0,True,1.8467323741898147,2.3750396020819435
STARLINK-11303 [DTC],2024-220J,2026-07-15 11:30:05.853024,15.70943295,0.00014671,42.9957,352.5732,234.6647,125.4083,62096,9515,0.00095836608,0.0012493,0.0,True,2.070054664189815,2.3745816493537255
STARLINK-11590 [DTC],2025-039J,2026-07-16 00:29:03.631488,15.70916831,0.0001595,43.0008,183.7455,242.0862,117.9844,63112,7979,0.0009563493,0.00124521,0.0,True,1.5291081541898148,2.3685065990135663
STARLINK-11745 [DTC],2025-127G,2026-07-15 22:39:30.344544,15.70847192,0.00019542,43.0,31.4456,259.9019,100.1629,64376,6367,0.00095474459,0.00123941,0.0,True,1.6051878641898147,2.363672807508615
STARLINK-31129,2023-203G,2026-07-15 23:50:20.765760,15.2761895,0.00012521,43.003,62.5158,272.7045,87.3664,58624,14318,0.00095399356,0.00026114,0.0,True,1.555993174189815,2.3614105156091663
STARLINK-11466 [DTC],2024-231C,2026-07-16 04:53:24.711072,15.69700495,0.0001207,53.1582,187.9207,53.1054,307.0074,62220,9359,0.00095331954,0.00116492,0.0,True,1.3455308441898148,2.3593801972649375
STARLINK-32845,2025-018K,2026-07-15 23:05:23.216064,15.32543203,0.00018943,53.1584,73.3495,200.8837,159.2088,62815,8281,0.00095316724,0.00030124,0.0,True,1.587214814189815,2.358921431228579
STARLINK-11558 [DTC],2025-035D,2026-07-15 16:03:32.597856,15.70878023,0.00035797,43.0017,323.4829,274.5368,85.509,63055,8124,0.00095243543,0.00123822,0.0,True,1.880161784189815,2.3567170348197335
STARLINK-11553 [DTC],2025-032B,2026-07-15 21:35:37.065120,15.70922001,0.0001653,43.0034,142.9165,242.9464,117.1235,63006,8237,0.00095221,0.00123999,0.0,True,1.6495545241898149,2.356037982767362
STARLINK-11520 [DTC],2025-019F,2026-07-16 04:39:48.358080,15.70957437,0.00023112,42.9968,251.1805,215.5814,144.49,62834,8410,0.00095048517,0.00123964,0.0,True,1.3549793741898148,2.350842359507405
STARLINK-2211,2021-017BJ,2026-07-15 12:15:28.556352,15.54599956,0.00010054,53.1559,316.4414,13.7109,346.3929,47778,29762,0.00094979281,0.00063913,0.0,True,2.038541894189815,2.3487567964546603
STARLINK-11547 [DTC],2025-008A,2026-07-16 00:16:42.529440,15.70868762,0.00017333,43.0019,72.8876,270.3309,89.736,62587,8629,0.00094734416,0.00123074,0.0,True,1.537685724189815,2.341380844682315
STARLINK-11631 [DTC],2025-048N,2026-07-16 05:45:24.323904,15.70972502,0.00032636,42.9996,265.4953,297.9317,62.1221,63195,7873,0.0009464583,0.00123522,0.0,True,1.309424214189815,2.338712410795459
STARLINK-11700 [DTC],2025-107E,2026-07-16 00:01:34.566528,15.70857612,0.00014934,43.0018,45.2161,295.1816,64.8897,64068,6747,0.00094514026,0.00122722,0.0,True,1.5481945541898148,2.3347421416781815
STARLINK-1802,2020-073AJ,2026-07-15 19:05:31.553376,15.41796156,2.18e-05,53.1561,337.0876,122.6388,237.4638,46702,31716,0.00094493306,0.00040428,0.0,True,1.7537849841898148,2.334118002986564
STARLINK-11510 [DTC],2025-004F,2026-07-15 23:43:49.714176,15.70871113,0.0003541,43.001,17.6544,256.4083,103.639,62516,8738,0.00094306791,0.00122545,0.0,True,1.5605192341898149,2.3284997004736727
STARLINK-11389 [DTC],2024-220D,2026-07-16 03:23:56.158080,15.70862339,8.113e-05,42.9978,348.9602,49.3898,310.704,62091,9515,0.00094265903,0.00122417,0.0,True,1.4076668741898148,2.327268050723534
STARLINK-11615 [DTC],2025-053K,2026-07-15 23:18:51.678144,15.70861292,0.00012822,43.0001,59.1034,289.3476,70.7252,63274,7784,0.0009410641,0.00122201,0.0,True,1.577857614189815,2.3224637190467874
STARLINK-11330 [DTC],2024-213D,2026-07-16 04:25:12.688896,15.69738976,0.0001414,53.1575,128.0575,79.4751,280.6426,62011,9509,0.00093966559,0.00114979,0.0,True,1.3651144341898147,2.3182510539810806
STARLINK-36911,2026-039Y,2026-07-14 23:59:07.260576,15.2760548,8.833e-05,42.9987,49.9635,279.1835,80.8917,68008,2117,0.00093824692,0.00025666,0.0,True,2.549899484189815,2.3139776619075407
STARLINK-11638 [DTC],2025-053E,2026-07-15 22:40:37.779744,15.70872682,0.0002001,43.0,58.8839,252.5365,107.5284,63269,7784,0.00093801,0.00121861,0.0,True,1.6044073641898147,2.313263999075407
STARLINK-11345 [DTC],2024-220F,2026-07-16 03:08:38.247072,15.7086113,9.752e-05,42.9996,348.8749,289.3532,70.723,62093,9515,0.00093775334,0.00121762,0.0,True,1.418290844189815,2.3124908743814365
STARLINK-11701 [DTC],2025-089K,2026-07-16 03:41:59.588160,15.70952138,0.00018846,42.9993,237.5413,263.3803,96.685,63760,7034,0.00093565045,0.00121961,0.0,True,1.3951271741898148,2.306156438989467
STARLINK-11563 [DTC],2025-035B,2026-07-15 10:27:53.684064,15.70847204,0.00027876,42.9987,325.188,284.2011,75.8547,63053,8120,0.00093562724,0.00121423,0.0,True,2.113251064189815,2.306086524611897
STARLINK-11397 [DTC],2025-008D,2026-07-15 23:07:53.912352,15.70854369,0.00018694,43.0014,72.5027,255.131,104.935,62590,8740,0.00093557079,0.00121442,0.0,True,1.585470644189815,2.30591648296546
STARLINK-11629 [DTC],2025-039A,2026-07-16 00:51:48.567456,15.7092012,0.00020823,43.0012,182.9838,252.0745,107.9895,63104,7980,0.00093540037,0.00121763,0.0,True,1.5133102841898147,2.3054031349161086
STARLINK-11666 [DTC],2025-085D,2026-07-16 02:29:04.647264,15.70921021,0.00016455,42.9999,224.7716,264.4069,95.6611,63667,7034,0.00093538541,0.00121762,0.0,True,1.445763064189815,2.305358071620614
STARLINK-32704,2025-018W,2026-07-15 20:57:01.315296,15.45210948,0.0004922,53.1517,69.2277,119.236,240.914,62826,8286,0.00093346,0.00044885,0.0,True,1.6763571841898148,2.299558250779745
STARLINK-11457 [DTC],2025-027N,2026-07-16 07:17:59.430048,15.70864654,0.00019196,43.0003,292.0771,282.5192,77.5461,62919,8338,0.00093286804,0.00121138,0.0,True,1.2451290041898146,2.297775117865218
STARLINK-11663 [DTC],2025-085E,2026-07-16 02:21:25.915104,15.70951808,0.00015454,42.9968,224.7239,207.0089,153.0699,63668,7044,0.00093064141,0.00121293,0.0,True,1.451072464189815,2.2910679463646533
STARLINK-11541 [DTC],2025-032L,2026-07-15 23:29:56.172768,15.7083914,0.00044413,43.0,141.7624,296.3932,63.6479,63015,8240,0.00092993304,0.00120663,0.0,True,1.5701667041898149,2.2889341571514232
STARLINK-1039,2019-074AH,2026-07-15 15:54:20.647008,15.31264014,0.00013212,53.0615,342.4512,183.1136,176.9856,44744,36790,0.00092856358,0.00028171,0.0,True,1.8865501041898147,2.2848089980171427
STARLINK-11726 [DTC],2025-107D,2026-07-16 06:44:33.541728,15.70882914,0.00015752,43.0006,42.993,266.7815,93.2872,64067,6752,0.00092578317,0.00120293,0.0,True,1.2683453041898147,2.276433701397639
STARLINK-11528 [DTC],2025-004L,2026-07-15 20:48:21.748032,15.7092168,0.0002934,43.0023,18.4587,266.6717,93.3815,62521,8736,0.00092405,0.00120276,0.0,True,1.6823706941898147,2.271212955952894
STARLINK-11406 [DTC],2025-035F,2026-07-15 18:13:19.868736,15.70895772,0.00034689,43.0037,323.3153,287.0603,72.9884,63057,8124,0.000923021,0.00120016,0.0,True,1.7900313341898146,2.2681133482614135
STARLINK-11511 [DTC],2024-254G,2026-07-16 06:30:48.225600,15.70894951,0.00025611,43.001,167.9465,267.0603,92.9971,62468,8962,0.00092188286,0.00119847,0.0,True,1.2778975741898149,2.2646849833459797
STARLINK-35677,2025-244Q,2026-07-15 10:56:14.363520,15.34396715,7.439e-05,53.1592,354.8525,66.287,293.8211,66220,4124,0.00091903773,0.00030799,0.0,True,2.093567274189815,2.2561147337529164
STARLINK-11728 [DTC],2025-124G,2026-07-15 18:40:34.348512,15.70855557,9.583e-05,42.9986,336.7591,293.2441,66.8325,64323,6298,0.00091639878,0.0011891,0.0,True,1.7711137441898148,2.248165550354052
STARLINK-11736 [DTC],2025-124A,2026-07-15 18:17:49.047072,15.70865074,0.00021766,43.0016,337.5297,280.5852,79.477,64317,6297,0.00091394998,0.00118641,0.0,True,1.7869158441898148,2.2407891467438503
STARLINK-11518 [DTC],2024-254A,2026-07-16 07:09:02.157696,15.70856495,0.00018078,43.002,168.1634,267.8012,92.2649,62462,8963,0.00091281157,0.00118444,0.0,True,1.2513474341898148,2.237359968520276
STARLINK-37035,2026-050P,2026-07-16 05:22:33.002112,15.34454762,0.00014545,53.1579,27.5033,93.32,266.7969,68180,2039,0.00091211659,0.00030621,0.0,True,1.3252959941898148,2.2352665133663154
STARLINK-34067,2025-110V,2026-07-16 06:00:05.249664,15.36008829,0.00025719,53.1609,147.6423,87.4129,272.7169,64115,6559,0.00091093434,0.00032157,0.0,True,1.2992283141898149,2.231705277998723
STARLINK-11380 [DTC],2024-220M,2026-07-15 20:16:31.238400,15.70867612,0.0001434,42.9997,350.1506,276.8058,83.2646,62099,9511,0.0009092,0.00118021,0.0,True,1.7044830741898147,2.2264810082187014
STARLINK-11498 [DTC],2024-237K,2026-07-15 21:06:42.115104,15.70895688,0.0001923,43.0003,3.8847,265.001,95.0638,62276,9321,0.00090851,0.00118074,0.0,True,1.6696349641898147,2.224402554081557
STARLINK-11258 [DTC],2025-008M,2026-07-16 01:17:41.096832,15.70870206,0.00016687,43.0007,72.3343,274.5132,85.5545,62598,8747,0.00090828808,0.00117914,0.0,True,1.4953411941898147,2.223734075035014
STARLINK-11644 [DTC],2025-085J,2026-07-16 03:22:24.984480,15.70828167,0.00042914,42.9995,224.1732,297.9526,62.0907,63672,7044,0.00090802182,0.00117709,0.0,True,1.408722124189815,2.2229320327182656
STARLINK-11721 [DTC],2025-111E,2026-07-16 06:12:33.408864,15.70962797,0.00019851,42.9994,278.5252,305.7378,54.3305,64127,6686,0.00090681642,0.00118189,0.0,True,1.2905690641898149,2.219301063708246
STARLINK-11418 [DTC],2025-035G,2026-07-15 17:27:38.839104,15.70864063,0.00019704,43.0002,323.9549,281.8119,78.2527,63058,8123,0.00090302711,0.0011719,0.0,True,1.821756214189815,2.207886705669953
STARLINK-11652 [DTC],2025-057J,2026-07-15 01:59:37.824288,15.70940626,0.00022979,42.9996,216.6135,280.9599,79.1011,63315,7724,0.00090131561,0.00117351,0.0,True,2.4662124041898146,2.202731235734123
STARLINK-11667 [DTC],2025-075C,2026-07-16 02:42:49.607424,15.70897982,0.00018189,43.0002,99.9481,270.109,89.9569,63550,7344,0.00089939833,0.00116879,0.0,True,1.4362149141898148,2.196955904505045
STARLINK-11536 [DTC],2025-006K,2026-07-15 23:58:07.385376,15.70858442,0.00018415,43.0026,86.3508,280.8985,79.1675,62563,8678,0.00089872405,0.00116592,0.0,True,1.5505924841898149,2.1949248029751987
STARLINK-6197,2023-078A,2026-07-15 22:33:33.549696,15.22043211,0.0005647,69.9889,15.4748,285.3798,74.6749,56767,17203,0.00089833,0.00020537,0.0,True,1.6093174341898147,2.193737824927747
STARLINK-32600,2024-225R,2026-07-16 06:42:29.935296,14.98361569,0.00038899,70.0,190.3408,263.5822,96.4894,62178,8938,0.00089812406,0.00010649,0.0,True,1.2697759341898147,2.193117481674119
STARLINK-11589 [DTC],2025-057E,2026-07-16 07:45:08.273088,15.70834442,8.684e-05,43.0006,209.5882,215.0322,145.0488,63311,7740,0.00089756915,0.00116317,0.0,True,1.226276654189815,2.191445952709999
STARLINK-11671 [DTC],2025-124C,2026-07-15 16:00:23.156352,15.70860219,0.00033586,43.0032,337.6543,275.0045,85.0439,64319,6296,0.00089701456,0.00116395,0.0,True,1.8823543941898149,2.1897753876666384
STARLINK-31460,2024-036L,2026-07-16 04:17:49.187328,15.30364545,0.00020061,53.1596,201.4464,116.3581,243.7626,59008,13499,0.00089696254,0.00026437,0.0,True,1.370247554189815,2.1896186902982118
STARLINK-2469,2021-027AN,2026-07-16 01:43:44.611968,15.30230125,0.00050706,53.1005,229.6867,6.5838,353.5228,48128,29297,0.00089649321,0.00026319,0.0,True,1.477244954189815,2.1882049498921456
STARLINK-30198,2023-096A,2026-07-16 02:31:17.734368,15.27579601,0.0007818,42.9817,222.4006,67.2016,292.9661,57290,16720,0.00089437198,0.00024449,0.0,True,1.4442227041898148,2.1818152697916604
STARLINK-1821,2020-073BA,2026-07-15 21:37:48.305856,15.56992112,0.0004597,53.0424,334.0118,291.7269,68.3252,46718,31719,0.00089264,0.00065659,0.0,True,1.6480355341898147,2.1765981089272386
STARLINK-37540,2026-097V,2026-07-16 01:47:36.872448,15.3348994,0.00018966,97.2854,32.1817,87.1039,273.042,68914,1191,0.00089237189,0.00028886,0.0,True,1.4745567541898148,2.1757904939436017
STARLINK-36982,2026-055S,2026-07-16 01:50:31.341696,15.34424209,0.00012722,53.1591,80.3686,80.6004,279.5143,68278,1962,0.00089221464,0.00029912,0.0,True,1.4725374341898148,2.1753168172579986
STARLINK-11696 [DTC],2025-124H,2026-07-15 09:46:29.922528,15.70937501,0.00042376,42.9996,339.143,140.5742,219.5434,64324,6292,0.00089034573,0.00115915,0.0,True,2.1419983041898147,2.1696871886761864
STARLINK-11740 [DTC],2025-127N,2026-07-16 05:46:43.843872,15.70857261,7.119e-05,43.0012,29.3553,311.2836,48.7971,64382,6372,0.00088996231,0.00115426,0.0,True,1.308503844189815,2.168532230871456
STARLINK-11419 [DTC],2025-024E,2026-07-16 04:07:53.514624,15.70859726,0.00017245,43.0017,127.0001,266.7089,93.3582,62883,8367,0.00088907031,0.00115323,0.0,True,1.377141914189815,2.1658453017550316
STARLINK-1362,2020-025H,2026-07-15 09:36:47.649600,15.40593697,0.0005296,53.1535,223.4037,351.061,9.0301,45538,34479,0.0008889437,0.00036502,0.0,True,2.1487375741898145,2.1654639204821278
STARLINK-3137,2021-104AT,2026-07-15 12:46:37.992288,15.53659429,0.00026065,53.2144,317.4384,338.086,22.004,49449,25875,0.00088794943,0.00057651,0.0,True,2.016904904189815,2.1624689283155503
STARLINK-11739 [DTC],2025-127E,2026-07-15 22:01:16.860000,15.70931531,0.0001996,42.9978,31.2362,278.6446,81.4196,64374,6367,0.00088662,0.00115355,0.0,True,1.6317328241898148,2.1584643496437477
STARLINK-11499 [DTC],2024-237N,2026-07-15 20:45:16.865856,15.70875158,0.0001991,43.0012,4.659,277.2091,82.855,62279,9313,0.00088652,0.00115064,0.0,True,1.6845105341898148,2.1581631244064807
STARLINK-11514 [DTC],2025-004D,2026-07-16 05:13:10.743744,15.70858072,7.173e-05,42.998,15.9173,33.1367,326.9546,62514,8742,0.00088538263,0.00114825,0.0,True,1.3318036141898149,2.1547370789253737
STARLINK-32854,2025-018L,2026-07-16 01:36:06.227136,15.34420582,0.00014583,53.16,72.582,85.1633,274.9536,62816,8282,0.00088454145,0.00029647,0.0,True,1.4825503341898147,2.1522032324745286
STARLINK-2361,2021-021AT,2026-07-15 22:13:33.553920,15.41504072,0.0002366,53.1557,14.7795,113.3626,246.7629,47901,29612,0.00088416,0.00037419,0.0,True,1.623206274189815,2.151054208806973
STARLINK-35403,2025-235Z,2026-07-15 17:49:32.160576,15.31729482,0.00013663,53.1604,9.2863,77.0917,283.0237,66081,4254,0.00088322308,0.00027167,0.0,True,1.8065557341898149,2.1482319693139678
STARLINK-11393 [DTC],2024-213J,2026-07-16 06:25:00.132096,15.69737694,0.00015077,53.1591,127.1352,72.1243,287.9939,62016,9511,0.00088226314,0.0010782,0.0,True,1.281926434189815,2.1453403877713444
STARLINK-11437 [DTC],2025-024F,2026-07-16 04:23:10.900320,15.70865216,0.00020751,43.0021,127.0852,266.271,93.7921,62884,8367,0.00088083703,0.00114265,0.0,True,1.366524024189815,2.141044584540152
STARLINK-11495 [DTC],2024-237J,2026-07-16 04:21:46.735488,15.70849765,7.827e-05,42.9998,2.7385,342.6884,17.3957,62275,9320,0.00088082326,0.00114183,0.0,True,1.3674981541898148,2.1410031058249803
STARLINK-1281,2020-019L,2026-07-15 12:08:03.471072,15.38107291,0.00018475,53.1557,288.8892,313.2986,46.7864,45370,34936,0.00087925405,0.00033225,0.0,True,2.043693344189815,2.136276249279258
STARLINK-30861,2023-171A,2026-07-16 06:28:27.312384,15.33269268,0.00099609,42.9907,278.6214,0.1553,359.9302,58230,14940,0.00087921827,0.00028741,0.0,True,1.2795285141898147,2.136168470889364
STARLINK-11634 [DTC],2025-085K,2026-07-15 02:49:48.845280,15.70903412,0.00013245,42.9993,230.2613,247.2858,112.787,63673,7028,0.00087772349,0.00114036,0.0,True,2.431362624189815,2.13166581628774
STARLINK-11694 [DTC],2025-119L,2026-07-16 05:39:58.954464,15.78318814,0.00058182,42.9916,153.1848,169.2866,190.8129,64243,6547,0.00087669541,0.0015832,0.0,True,1.3131900641898147,2.1285689798684424
STARLINK-36913,2026-040S,2026-07-16 07:11:43.135584,15.33473837,0.00016489,97.2836,145.5857,94.944,265.1991,68031,2117,0.00087548541,0.00028321,0.0,True,1.2494842641898147,2.124924154497508
STARLINK-11598 [DTC],2025-039K,2026-07-15 23:50:50.420832,15.70866147,0.00013455,42.9994,183.5319,282.0212,78.0505,63113,7979,0.00087490056,0.00113482,0.0,True,1.5556499441898146,2.1231624386973507
STARLINK-35847,2025-271E,2026-07-16 03:53:56.924160,15.30231123,0.00010998,53.1577,263.3797,110.1045,250.0074,66621,3723,0.00087446419,0.00025654,0.0,True,1.3868246741898147,2.1218479821294878
STARLINK-1522,2020-055A,2026-07-15 12:32:50.841888,15.14654009,0.00012827,53.0605,267.7699,64.4068,295.7058,46027,32822,0.00087210186,0.00016048,0.0,True,2.026478404189815,2.114732047981951
STARLINK-34975,2025-176AC,2026-07-15 11:18:57.546432,15.34395918,0.00010178,53.158,277.1212,128.3546,231.7548,65224,5271,0.00087160784,0.00029183,0.0,True,2.0777896941898146,2.1132439350648036
STARLINK-1226,2020-012BD,2026-07-16 01:16:07.398624,15.48216822,0.00049241,53.1525,112.6571,58.8406,301.3085,45229,35520,0.00087108941,0.00046478,0.0,True,1.4964256641898148,2.111682293067238
STARLINK-11688 [DTC],2025-089F,2026-07-16 04:20:13.292160,15.70824067,0.00045379,42.9986,237.7568,299.6344,60.4071,63756,7023,0.00087093882,0.00112803,0.0,True,1.3685796741898149,2.1112286779824374
STARLINK-11689 [DTC],2025-119J,2026-07-16 05:55:52.491648,15.70851723,0.00016951,43.0015,154.1954,272.9112,87.1562,64241,6546,0.0008664485,0.00112298,0.0,True,1.3021537541898147,2.0977027009083766
STARLINK-11512 [DTC],2025-004G,2026-07-16 04:41:16.264032,15.70850162,0.00020554,42.9996,15.7366,271.9197,88.1435,62517,8742,0.00086557602,0.00112178,0.0,True,1.3539619441898147,2.0950745709582677
STARLINK-11707 [DTC],2025-124M,2026-07-15 20:42:41.846112,15.70932771,0.0004667,43.0019,336.5456,273.0955,86.9379,64328,6299,0.0008651,0.00112558,0.0,True,1.6863047441898147,2.0936406785838275
STARLINK-11508 [DTC],2025-004E,2026-07-16 05:04:13.124064,15.70854942,6.729e-05,42.9988,15.8661,315.4849,44.5964,62515,8742,0.00086451281,0.00112056,0.0,True,1.3380260641898147,2.091871914113118
STARLINK-11653 [DTC],2025-053C,2026-07-15 15:56:21.722784,15.70931134,0.00017265,42.9997,61.1017,272.015,88.052,63267,7779,0.00086423753,0.00112387,0.0,True,1.8851487641898148,2.0910427012799686
STARLINK-11742 [DTC],2025-127H,2026-07-15 23:02:27.701376,15.70790684,0.00019795,43.0003,31.574,265.125,94.9391,64377,6367,0.0008640036,0.00111687,0.0,True,1.5892462341898148,2.090338045082429
STARLINK-34230,2025-111Q,2026-07-16 05:05:00.888576,16.09656642,0.00243918,42.9768,17.0553,301.4671,58.3827,64137,6574,0.0008626648,0.00864688,0.00041971194,True,1.3374732341898148,2.0863052416058947
STARLINK-1184,2020-006BG,2026-07-15 19:14:27.184128,15.15918313,0.00042594,53.0523,24.2173,144.8807,215.2468,45098,35643,0.00086241764,0.00016455,0.0,True,1.7475855541898149,2.085560733309465
STARLINK-6240,2023-088AN,2026-07-16 01:11:36.067200,15.27750829,0.0001957,42.9916,91.0369,290.2863,69.7778,57084,17013,0.00086216743,0.00023664,0.0,True,1.499566074189815,2.084807037643298
STARLINK-11529 [DTC],2025-008N,2026-07-16 01:25:19.482528,15.70873631,0.00024306,43.0018,72.3755,262.2612,97.7979,62599,8748,0.00086146852,0.00111752,0.0,True,1.4900358041898147,2.0827017443375135
STARLINK-11642 [DTC],2025-048F,2026-07-16 05:07:10.703712,15.70950763,0.00017544,42.9966,265.2832,156.0249,204.07,63188,7873,0.000861225,0.00112083,0.0,True,1.3359707441898148,2.08196820063972
STARLINK-11577 [DTC],2025-032J,2026-07-16 06:14:23.758944,15.7085944,0.00019223,43.0011,140.4453,257.946,102.1192,63013,8243,0.0008610431,0.00111623,0.0,True,1.2892918641898148,2.081420271933131
STARLINK-1153,2020-006AN,2026-07-15 17:48:09.177696,15.40884331,0.00036639,53.1565,18.5167,71.2654,288.8749,45080,35654,0.00086092653,0.00035672,0.0,True,1.8075161841898146,2.0810691336740486
STARLINK-1020,2019-074N,2026-07-15 17:11:05.343648,15.59996239,0.00045024,53.1561,314.5042,281.9369,78.114,44725,36830,0.00085999127,0.0007091,0.0,True,1.833255004189815,2.0782518945199824
STARLINK-11702 [DTC],2025-089B,2026-07-16 02:41:01.026816,15.70943566,9.35e-05,42.9988,238.0992,170.7777,189.3108,63752,7033,0.0008579072,0.00111606,0.0,True,1.4374716341898148,2.0719741497176667
STARLINK-11668 [DTC],2025-075K,2026-07-15 23:47:22.145856,15.70861478,0.0002291,43.001,100.7524,271.6308,88.4298,63557,7342,0.00085717299,0.00111126,0.0,True,1.5580605341898148,2.069762523903126
STARLINK-11534 [DTC],2025-006B,2026-07-16 01:14:23.750592,15.70864505,0.00017764,43.0006,85.8875,292.7246,67.3433,62555,8679,0.00085544443,0.00110908,0.0,True,1.4976252941898147,2.0645556649418184
STARLINK-11737 [DTC],2025-107C,2026-07-16 06:59:50.323488,15.70975258,0.00016321,43.0041,43.079,298.2863,61.784,64066,6752,0.00085454906,0.00111313,0.0,True,1.2577344041898149,2.0618585845348987
STARLINK-35121,2025-216D,2026-07-15 23:42:03.229632,15.34395454,0.00012829,53.1613,96.4615,89.9955,270.1195,65737,4619,0.00085343563,0.00028564,0.0,True,1.5617516941898146,2.058504652375593
STARLINK-11748 [DTC],2025-127D,2026-07-15 21:55:07.467168,15.7092622,0.0003527,43.0021,32.0918,253.8392,106.2087,64373,6366,0.00085307,0.00110908,0.0,True,1.6360082041898147,2.0574032825405735
STARLINK-11487 [DTC],2024-237M,2026-07-15 20:28:41.106720,15.70920627,0.0001168,42.9996,4.5654,281.2715,78.8021,62278,9320,0.00085037,0.001105,0.0,True,1.6960355241898148,2.0492702011343567
